case_index,campaign,velocity_mps,nominal_load_factor,time_step_s,mode7_frequency_scale,excited,pitch_rate_command_deg_s,pitch_amplitude_deg,stiffness_delta_k7,stem,input_sha256,status,message
1,primary,66.25,1.0,0.01,1.0,False,0.0,0.0,0.0,primary__dt_0p0100__f7_1p000__dive_pullup_V_066p250_n_1p000_bank_p00p00_pitch_p00p00_qcmd_p00p00_nnom_01p00_shadow,5303d7ed389a2536d033bda5ecb037bfba3adec7a890d43496ce807744a444f3,prepared,input MBDyn generated; no solver run
2,primary,66.25,1.0,0.01,1.0,True,0.0,0.0,0.0,primary__dt_0p0100__f7_1p000__dive_pullup_V_066p250_n_1p000_bank_p00p00_pitch_p00p00_qcmd_p00p00_nnom_01p00_excited,745f6293ed43fcc5c343f65baf8adbfeb1033c697bfb0b48a58777f1a61d4722,prepared,input MBDyn generated; no solver run
3,primary,66.25,1.3,0.01,1.0,False,2.5452298733132275,5.154090493459285,0.0,primary__dt_0p0100__f7_1p000__dive_pullup_V_066p250_n_1p000_bank_p00p00_pitch_p05p15_qcmd_p02p55_nnom_01p30_shadow,cdfa92e9fc8a7c219d74e788f7f4b9ce7bd39cc834a2126d7028e1bd6e971161,prepared,input MBDyn generated; no solver run
4,primary,66.25,1.3,0.01,1.0,True,2.5452298733132275,5.154090493459285,0.0,primary__dt_0p0100__f7_1p000__dive_pullup_V_066p250_n_1p000_bank_p00p00_pitch_p05p15_qcmd_p02p55_nnom_01p30_excited,c568ef323199315c3d24faff4309675a136eea4809d51e543c643a04a032749a,prepared,input MBDyn generated; no solver run
5,primary,66.25,1.6,0.01,1.0,False,5.090459746626455,10.30818098691857,0.0,primary__dt_0p0100__f7_1p000__dive_pullup_V_066p250_n_1p000_bank_p00p00_pitch_p10p31_qcmd_p05p09_nnom_01p60_shadow,c42e1cbc60796606f888e968a6f5ff59b4516581196791b585daf32b4b748df9,prepared,input MBDyn generated; no solver run
6,primary,66.25,1.6,0.01,1.0,True,5.090459746626455,10.30818098691857,0.0,primary__dt_0p0100__f7_1p000__dive_pullup_V_066p250_n_1p000_bank_p00p00_pitch_p10p31_qcmd_p05p09_nnom_01p60_excited,462bcbc02d6fe18cf404223bc7626515dbeeee5bda06fc990d638852a478efdb,prepared,input MBDyn generated; no solver run
7,primary,66.75,1.0,0.01,1.0,False,0.0,0.0,0.0,primary__dt_0p0100__f7_1p000__dive_pullup_V_066p750_n_1p000_bank_p00p00_pitch_p00p00_qcmd_p00p00_nnom_01p00_shadow,fd2a7fe929aa367fb9911932f42c9120b0fe0d4e83fb937563a5e75d545a5121,prepared,input MBDyn generated; no solver run
8,primary,66.75,1.0,0.01,1.0,True,0.0,0.0,0.0,primary__dt_0p0100__f7_1p000__dive_pullup_V_066p750_n_1p000_bank_p00p00_pitch_p00p00_qcmd_p00p00_nnom_01p00_excited,e72ec00fd2a9fc3657fd90b8cdfa1ddccb5c485a91fc0713af4706b013874fc9,prepared,input MBDyn generated; no solver run
9,primary,66.75,1.3,0.01,1.0,False,2.526164481003765,5.115483074032624,0.0,primary__dt_0p0100__f7_1p000__dive_pullup_V_066p750_n_1p000_bank_p00p00_pitch_p05p12_qcmd_p02p53_nnom_01p30_shadow,7b88ade7b13391a142f09d74f2755b3013469f4179b14e391bb27ec614fbdc31,prepared,input MBDyn generated; no solver run
10,primary,66.75,1.3,0.01,1.0,True,2.526164481003765,5.115483074032624,0.0,primary__dt_0p0100__f7_1p000__dive_pullup_V_066p750_n_1p000_bank_p00p00_pitch_p05p12_qcmd_p02p53_nnom_01p30_excited,79fd29615a9cf7a2ccace555b0a08480cd565aadc0d6e2409c1b2d9d20b2170f,prepared,input MBDyn generated; no solver run
11,primary,66.75,1.6,0.01,1.0,False,5.05232896200753,10.230966148065248,0.0,primary__dt_0p0100__f7_1p000__dive_pullup_V_066p750_n_1p000_bank_p00p00_pitch_p10p23_qcmd_p05p05_nnom_01p60_shadow,fed2a4894d85095868eb19ebab08b75a0cc0d1ece568d96459e97fe2dd7e952c,prepared,input MBDyn generated; no solver run
12,primary,66.75,1.6,0.01,1.0,True,5.05232896200753,10.230966148065248,0.0,primary__dt_0p0100__f7_1p000__dive_pullup_V_066p750_n_1p000_bank_p00p00_pitch_p10p23_qcmd_p05p05_nnom_01p60_excited,4327cf7fce86d967004300c4f89b7717bbabf9d85b8f12b905008a9a74aa0a01,prepared,input MBDyn generated; no solver run
13,primary,67.25,1.0,0.01,1.0,False,0.0,0.0,0.0,primary__dt_0p0100__f7_1p000__dive_pullup_V_067p250_n_1p000_bank_p00p00_pitch_p00p00_qcmd_p00p00_nnom_01p00_shadow,68e0f5245b16bb7ea7fc94eabf13e13792902057385242a376c476eb815f495f,prepared,input MBDyn generated; no solver run
14,primary,67.25,1.0,0.01,1.0,True,0.0,0.0,0.0,primary__dt_0p0100__f7_1p000__dive_pullup_V_067p250_n_1p000_bank_p00p00_pitch_p00p00_qcmd_p00p00_nnom_01p00_excited,548a8db24d37532646be9d023bb7243d3fd54878c4da62990a1d0ff4f9a8e341,prepared,input MBDyn generated; no solver run
15,primary,67.25,1.3,0.01,1.0,False,2.5073825889516925,5.077449742627177,0.0,primary__dt_0p0100__f7_1p000__dive_pullup_V_067p250_n_1p000_bank_p00p00_pitch_p05p08_qcmd_p02p51_nnom_01p30_shadow,a7bb3f08b57dffe12f3782fc74d278d757874d2de38ad19b2aecd9b276d0bace,prepared,input MBDyn generated; no solver run
16,primary,67.25,1.3,0.01,1.0,True,2.5073825889516925,5.077449742627177,0.0,primary__dt_0p0100__f7_1p000__dive_pullup_V_067p250_n_1p000_bank_p00p00_pitch_p05p08_qcmd_p02p51_nnom_01p30_excited,9f7c4bdc2a5dc763de6c0a99613ecb45f43d6ab2e6aa87636ce1b170dd502a97,prepared,input MBDyn generated; no solver run
17,primary,67.25,1.6,0.01,1.0,False,5.014765177903385,10.154899485254354,0.0,primary__dt_0p0100__f7_1p000__dive_pullup_V_067p250_n_1p000_bank_p00p00_pitch_p10p15_qcmd_p05p01_nnom_01p60_shadow,fb6201afc5f68e354ad3e545fc515e05f184fc427fd8c73f139f4a472b75eb71,prepared,input MBDyn generated; no solver run
18,primary,67.25,1.6,0.01,1.0,True,5.014765177903385,10.154899485254354,0.0,primary__dt_0p0100__f7_1p000__dive_pullup_V_067p250_n_1p000_bank_p00p00_pitch_p10p15_qcmd_p05p01_nnom_01p60_excited,f55d7ee3a4c7bd6a1cc9438d4e9df723d7539f587cb7907bf3da3cd70ca438df,prepared,input MBDyn generated; no solver run
