path,bytes,sha256
assets/README.md,255,70dadfd380c931302bb4f0268eccccf20907e5c8ffea930cf508ed55e886bc54
assets/fem/mbdyn_modal_40.fem,38715261,f94ce2ee7597648b9101b8395cfa2b7de9a542d5f9bf31ec52ea0fdc28d9e543
assets/fem/mbdyn_modal_60.fem,57377461,63e23dc991d2f458d7665412abda8ad34ddbb1654822bfc0867e6512a1df252b
assets/fem/nsvibe_test.fem,10775961,a5b6618da83916fd2ac638c971dfd5da6562eebf5dcef50aa51c969b26c9ff7a
assets/nastran_bulk/x56_r11/MAD_L108_ACT_R11_001.dat,12477,599060757945c9611adea8878367cbf665778aee67811d76d46d5c09895816ec
assets/nastran_bulk/x56_r11/MAD_L108_ASET_A_R11_003.dat,1039,91a4efd04b333614311f7314b4a25e748d46d24c4bc69ca2346ca6c02bf5e449
assets/nastran_bulk/x56_r11/MAD_L108_ASET_F_R11_002A.dat,6942,fda73e13c48ce58386b3d33cf7158b3d02d4940b3ef3246c96b12fa527549752
assets/nastran_bulk/x56_r11/MAD_L108_ASET_LT_R11_001.dat,13492,33501055a856d61a21add8e40c10bc3e0f922d24b962547f9783a5201bceb1b7
assets/nastran_bulk/x56_r11/MAD_L108_ASET_RT_R11_001.dat,13496,8acae749bf2fda0b14c529fd47ff9048d69d74a66e70d7599bd9275274ba4b9d
assets/nastran_bulk/x56_r11/MAD_L108_ASET_WLA_R11_002.dat,511,f5902ef68ada3a604d82d0fe8fd5b5ee01086e30f3c0e9a3137062c9e2cab4ca
assets/nastran_bulk/x56_r11/MAD_L108_BOOM_R11_001.dat,2024,fa3c1d53be50d26d46e525f7a21e752931d2b52839d88fe9d2070cfb1da65a70
assets/nastran_bulk/x56_r11/MAD_L108_COORD_R11_001.dat,3948,731b1406b39f788448fd9c3329e414f2c0041c1f791f9544dc8f08f2549c38a1
assets/nastran_bulk/x56_r11/MAD_L108_CS_FLEX1_ADJ_R11_002T.dat,5523,092b463c3facc798586d618a5a3f253d132f72c5b907b77356b73a6bd6e46384
assets/nastran_bulk/x56_r11/MAD_L108_CS_LBF_R11_001.dat,15251,07f17ab1696ce5a11152b5730fa3c3da4818ebc90b29064ee081002bc0729b6f
assets/nastran_bulk/x56_r11/MAD_L108_CS_LCS1_R11_001.dat,16375,047ac540341e739e25cd7f175f5391252a63b85c66ad245c3bab9eb62f9857bf
assets/nastran_bulk/x56_r11/MAD_L108_CS_LCS2_R11_001.dat,16758,f17543c56b5dd637e7e930d54f915858e740b52682acf9292c870f48a6444083
assets/nastran_bulk/x56_r11/MAD_L108_CS_LCS3_R11_001.dat,16503,052e2a57e9007db6ba5218f6700fd34c939db6e50bef09271be93a08eb323434
assets/nastran_bulk/x56_r11/MAD_L108_CS_LCS4_R11_001.dat,16506,fa336e83d5c67343ea91530459b3c7b500e86c571ea3d5b41443ab8cb9e0cf0d
assets/nastran_bulk/x56_r11/MAD_L108_CS_RBF_R11_001.dat,14925,9302ae21efea08887b59289c5e2f23605a23c0c2b43d3607e85a10b394d2ea8c
assets/nastran_bulk/x56_r11/MAD_L108_CS_RCS1_R11_001.dat,16367,1989d9a2d82653772a0b969bb5d8690b877a32e09b953262d3171d0c53a1c0f1
assets/nastran_bulk/x56_r11/MAD_L108_CS_RCS2_R11_001.dat,16419,ee6dff244719ef34a414655a6e8c288e0a2c6f9bd3d318aeea530f31b5b78a00
assets/nastran_bulk/x56_r11/MAD_L108_CS_RCS3_R11_001.dat,16428,b2cb0702e4918b185dee447b5480c36b2f4646ff7213b97b10f989ae706364d5
assets/nastran_bulk/x56_r11/MAD_L108_CS_RCS4_R11_001.dat,16419,1b45150add1b27bc7f411b20ae82ee0cf335f459af160d14cdbb0eb39e34d317
assets/nastran_bulk/x56_r11/MAD_L108_FUEL_F_R11_LT_001.dat,822,6c774c762eb5f0eb76d706755cb83f12353baa7851a49b621a06f90175aa9dbc
assets/nastran_bulk/x56_r11/MAD_L108_FUEL_F_R11_RT_001.dat,822,09d16c0f84970ddcc47ac2c10d2b848ab9b3d3fc28b3c4566b748cea8c7488aa
assets/nastran_bulk/x56_r11/MAD_L108_FUEL_R11_LT10_NASA.dat,974,a3816a75bd7789c381c49cc1a2cc04d1a8e3cdf6ee69156d4f26b5966b3414b6
assets/nastran_bulk/x56_r11/MAD_L108_FUEL_R11_LT30_NASA.dat,974,7831597355b4e802c005b93a47dfc745f1bc2be7b2b499910303904dd2850a70
assets/nastran_bulk/x56_r11/MAD_L108_FUEL_R11_LT60_NASA.dat,974,0d41c01c82e53b4787a354e0da6d4fbe70975a7a61d7c445e5066ab93110666b
assets/nastran_bulk/x56_r11/MAD_L108_FUEL_R11_LT80_NASA.dat,974,e9043f7b3b0dddc21e5fbcb2a6a7a702493ff9761937f7abfca22ce29a9133e4
assets/nastran_bulk/x56_r11/MAD_L108_FUEL_R11_LT_NASA.dat,974,e9043f7b3b0dddc21e5fbcb2a6a7a702493ff9761937f7abfca22ce29a9133e4
assets/nastran_bulk/x56_r11/MAD_L108_FUEL_R11_RT10_NASA.dat,974,06549bfa850a06e7a4926b0366833335297b6c30c938120addd9fb24eb4e34ed
assets/nastran_bulk/x56_r11/MAD_L108_FUEL_R11_RT30_NASA.dat,974,f90c87ac44806bff7e2c86b1686cef1b4b62afb70da12a256fea52786975798f
assets/nastran_bulk/x56_r11/MAD_L108_FUEL_R11_RT60_NASA.dat,974,e01bd33ca6a115f9b60b28353ef4092ae8134ced3a0acfa111bfc355e52460a0
assets/nastran_bulk/x56_r11/MAD_L108_FUEL_R11_RT80_NASA.dat,974,0b37f4023d45d658844e3cc4735f0ddb5c16f02290e421d5bf5bd00c11975d7b
assets/nastran_bulk/x56_r11/MAD_L108_FUEL_R11_RT_NASA.dat,974,0b37f4023d45d658844e3cc4735f0ddb5c16f02290e421d5bf5bd00c11975d7b
assets/nastran_bulk/x56_r11/MAD_L108_FUSE_ACCELS_R11_001.dat,714,2b0e9bd7350c27710dbdb8345f6ba6d0d77b1539aad00bba49808f2bce2524ce
assets/nastran_bulk/x56_r11/MAD_L108_FUSE_BRSIN_R11_001.dat,1524,e4db54f2ef959c8824efa2aa4f9505b67e806d77a9018966a49890f2b44ddd3e
assets/nastran_bulk/x56_r11/MAD_L108_FUSE_CAVB_R11_001.dat,8382,f7c873873ad8b1ddf5672cf74642fb07e46ca1186712270bbd9a48f9a146308b
assets/nastran_bulk/x56_r11/MAD_L108_FUSE_CONM2S_R11_011.dat,15201,727f38b4ebc3b62f4089aa7d8515666cc1c3538f44b95653c32785b0c156d3e7
assets/nastran_bulk/x56_r11/MAD_L108_FUSE_E_R11_003T.dat,2042,81e682b8dd1c61716560cdcb60720f8fa640e193f5d97ad3ce3cb894e1ed9650
assets/nastran_bulk/x56_r11/MAD_L108_FUSE_INT_R11_001.dat,6448,3a429bd700ad77870ec2b40258634b882e763d9f4c5636e5cde6f75788e53bea
assets/nastran_bulk/x56_r11/MAD_L108_FUSE_LG_R11_009.dat,6381,37d1c678cb29e6ef6c3f6121a1894129cf8278c62977db0c90d1e16bfd388ff8
assets/nastran_bulk/x56_r11/MAD_L108_FUSE_MOD_L_R11_001.dat,1513,cffa0543d321684face9262432c06d831d4e21f77ff3731f9e56f09306eaee6b
assets/nastran_bulk/x56_r11/MAD_L108_FUSE_MOD_U_R11_001.dat,4236,4444d4d328736af7b04cb54d62c6de97c87f5503a8d83a9013109bfa5add5abf
assets/nastran_bulk/x56_r11/MAD_L108_FUSE_PANELS_R11_003.dat,10871,8a0303fc5a329855ddb03d07fdd5a51712fc91aa29cd7e0114abab0e4df06b9d
assets/nastran_bulk/x56_r11/MAD_L108_FUSE_PAN_GRID_R11_001.dat,7368,cbc609663b11ab4694abbd708ddb45d10e9ee3053375632c361bb40be7af57bb
assets/nastran_bulk/x56_r11/MAD_L108_FUSE_PID_R11_016.dat,25715,2827f4fbb0a63f0b801c2a25092cc27dc5aeb5ae57daf66688f8fb436b600586
assets/nastran_bulk/x56_r11/MAD_L108_FUSE_R11_002.dat,97701,7eb0fccbc024a54a1c7a9ab8302702d665ff636ccd6240fac9c49c9044680c98
assets/nastran_bulk/x56_r11/MAD_L108_FUSE_UBM_R11_001.dat,2412,2d6c2e7cedafd9f9359ddab16522c139c810c7fe1aa146dd71e38287badc32e3
assets/nastran_bulk/x56_r11/MAD_L108_FUSE_WA_R11_001.dat,12030,7c5e3b8a3e2526cedc3de195300c2adc533bbd00a0c39444550e546d8dc6f96d
assets/nastran_bulk/x56_r11/MAD_L108_GRIDS_FUSE_R11_004.dat,73021,b45850485e96d720b4d18465a8e3fd851c4c8545532d2d8def4f27c37a4ff159
assets/nastran_bulk/x56_r11/MAD_L108_GRIDS_LBF_R11_001.dat,10506,283b5bd54ec810f04a2567aad31b7c0d380f7df1b598456c803e211a2d4fd73d
assets/nastran_bulk/x56_r11/MAD_L108_GRIDS_LCS1_R11_001.dat,11202,5050f1bfd3799b0bdaa06542518a3858b9d493163df507bc551a8367bf0fa89f
assets/nastran_bulk/x56_r11/MAD_L108_GRIDS_LCS2_R11_001.dat,11152,db1d0fec75e8de065b00d9c221fa43e89dd090ce8cb4405a7fe301aa81dd360e
assets/nastran_bulk/x56_r11/MAD_L108_GRIDS_LCS3_R11_001.dat,11132,6f09eb2d18318edd2f9b6c7637a7f7b5c744b15f86dd0cec7fd37d645a412de2
assets/nastran_bulk/x56_r11/MAD_L108_GRIDS_LCS4_R11_001.dat,10988,2f6ea2ab87ef0be593d51586982a0912a446488dde96404456504fdecb19e823
assets/nastran_bulk/x56_r11/MAD_L108_GRIDS_RBF_R11_001.dat,10585,f90f547199c27c67564db6fd0a98ca80b091c1a47e7f0ffb93adcb484806248c
assets/nastran_bulk/x56_r11/MAD_L108_GRIDS_RCS1_R11_001.dat,11204,cb28f08f4e517a8a864f79bf8f0ddc84b843af3a7af24b0cdc5a55e9afc8a43a
assets/nastran_bulk/x56_r11/MAD_L108_GRIDS_RCS2_R11_001.dat,11226,54d8079bf7c030e61d665ed72f778507f435b60af698ca29de28aa68fd1d6183
assets/nastran_bulk/x56_r11/MAD_L108_GRIDS_RCS3_R11_001.dat,11130,635e53e70cbf8b798b166d997e534ba479d5a45c57362bae8a1b252755626591
assets/nastran_bulk/x56_r11/MAD_L108_GRIDS_RCS4_R11_001.dat,14155,5ca2e55fac69cbb9c50b26f71a7a9686acc817c0a045f09cefb46642db172418
assets/nastran_bulk/x56_r11/MAD_L108_GRIDS_WING_R11_001.dat,161736,4f5ccb425e527890faec345d3edaa271d7124c5a0a71eab2ace3aa2ec794e860
assets/nastran_bulk/x56_r11/MAD_L108_LE_RIBLET_R11_001.dat,2786,5ea039d55f7b7c1b9e5d5ec2e73e942b1c994ff736fb5081fdc80ebaf3538cdb
assets/nastran_bulk/x56_r11/MAD_L108_MAT_ADD_R11_001.dat,6743,8dd34294a23803e13a69bed873c5685da612c7569e0de0207f3c097988f54596
assets/nastran_bulk/x56_r11/MAD_L108_MAT_R11_004T.dat,3749,35f69d05020973113d3b0b449dab5b0c7c14a8c4153c5d8ce1f3298252e7e7e0
assets/nastran_bulk/x56_r11/MAD_L108_MLG_R11_011.dat,34042,a50e7dd948f0f91058cb9cec8bd737673971bcf669e67a14107d547b74d0f4a1
assets/nastran_bulk/x56_r11/MAD_L108_NASA_MA_R11_24611.dat,1045,92959a7f6ba38d85a3497ccc040672ff30cbd7ce8f213e5b1064379e508a6043
assets/nastran_bulk/x56_r11/MAD_L108_PROP_CS_R11_001.dat,4721,148a91d55f82e052efa9bf3935311a7783d75dd9b60644dcb9a7663955770367
assets/nastran_bulk/x56_r11/MAD_L108_SG_FLEX_R11_001.dat,821,03b9cec0a7635d770e6964135e2c2c6179c240e257fcbeb1c5aca08ace37047d
assets/nastran_bulk/x56_r11/MAD_L108_WAB_R11_001.dat,824,c3c68c02937891f96e99774c97e6c66d028ef4656936de35730363798b0d98cb
assets/nastran_bulk/x56_r11/MAD_L108_WINGLET_LT_R11_002T.dat,72953,7c4fc518f651f075991b272728e8cba5b44fcce8f58c075613b0a1c2588f6a53
assets/nastran_bulk/x56_r11/MAD_L108_WINGLET_PROP_R11_002T.dat,1330,96f5ec985164e6bfc0fc90b600243c7506e66474606c8c55ffee8d33c2fdb63c
assets/nastran_bulk/x56_r11/MAD_L108_WINGLET_RT_R11_001.dat,72809,e73160dded0cdddb6b4466810b737b08184e0643d305d5547daa39c3d7dc0208
assets/nastran_bulk/x56_r11/MAD_L108_WING_AAP_R11_001.dat,7573,732335457417cee94835408e2d5070b26b47fdb51e8e6b5d9cd82562a91ac04d
assets/nastran_bulk/x56_r11/MAD_L108_WING_CONM2S_R11_004.dat,1204,9b3842f6f2021e566330264cc041c65ec579ef0ef6cc2d7d68f051f72ca7b2f6
assets/nastran_bulk/x56_r11/MAD_L108_WING_CS_BUSH_R11_001.dat,3257,766aa070b1705a9967fdf0a400b4eb25c0492af1af6ec0c88f6dc465108c9bb1
assets/nastran_bulk/x56_r11/MAD_L108_WING_FAIR_R11_002.dat,1173,4dd47252fc4568e5396dbfa9b2016b5bf90d0e52d17df3caf7a796df55fcfebf
assets/nastran_bulk/x56_r11/MAD_L108_WING_FLEX_AAF_R11_001.dat,10724,763cd81e4b2deeedda0c6ff8b35b62f0a2185cb3eaa0a8d122a7b2e93558650b
assets/nastran_bulk/x56_r11/MAD_L108_WING_FLEX_INT_R11_001.dat,2361,7647df9ec3203a5623302b6ed95be23b159ef58316abe94343fbdfa56ef11757
assets/nastran_bulk/x56_r11/MAD_L108_WING_FLEX_LE_R11_001.dat,55514,573582313a76817e5508c7b938f2fb1b7e06114ba87d61fdd442e72dea73c9c8
assets/nastran_bulk/x56_r11/MAD_L108_WING_FLEX_SO_R11_001.dat,18121,0d97a530694fe6043e49011a121c2d394dde42e39349f59789ebc706201bd411
assets/nastran_bulk/x56_r11/MAD_L108_WING_FLEX_SPL_R11_001.dat,1560,a8a424aa68a3d5dcdd1886ec69696ec6f6bed846d0faad307a5a920763131324
assets/nastran_bulk/x56_r11/MAD_L108_WING_ONLY_FLEX_R11_006T.dat,225795,84408f59abf94f58a95b4c10fe876cf17f9384dd96f90356c64eac51d4371b1a
assets/nastran_bulk/x56_r11/MAD_L108_WING_STIFF_ACCEL_R11_002.dat,2882,bd5f3c8c8a848c465b2027a91dd6dc11d30f94f827aba0433ac52d0920f5df07
assets/nastran_bulk/x56_r11/MAD_L108_WING_WA_R11_001.dat,13209,d7eea4178480ab6d940c23f669c2059e75c79ef5aee5845f365d3fba08fd8525
assets/nastran_bulk/x56_r11/MAD_L108_WING_WIRES_R11_001.dat,4632,4ecec47417454b38e3b9a6c54e0e9a62b863da2293961bba763e1ee506a9c2cb
assets/nastran_bulk/x56_r11/MAD_L108_WING_WLA_R11_003T.dat,1913,06185dfab62ff121e4e7338d0b19fe7df7d2195a9785a707fa5cc702930d8e55
assets/nastran_bulk/x56_r11/MAD_L108_WL_ACCELS_R11_002T.dat,297,456bc6e259022562d4a19044451b8514b3ce22d8c99ebd25b057efe24279fc28
assets/nastran_bulk/x56_r11/MAD_L108_WL_WIRES_R11_002T.dat,779,35b56777b33de0b285f471c77b0cb320a7bf1951456794dc562f1ec462a63578
