name,group,velocity_mps,nominal_load_factor,dt,excited,input_path,prefix
V_66p250_n_1p300__sham_release,causal/V_66p250_n_1p300,66.25,1.3,0.01,False,/home/nicomonzi/X_56/workflows/maneuver_bff/sweep_pullup_v3/inputs/causal/V_66p250_n_1p300/V_66p250_n_1p300__sham_release.mbd,/mnt/c/Users/Utente/Desktop/BFF_PULLUP_V2/pullup_bff_sweep_v3/causal/V_66p250_n_1p300/cases/V_66p250_n_1p300__sham_release
V_66p250_n_1p300__pullup_sas_continuous,causal/V_66p250_n_1p300,66.25,1.3,0.01,False,/home/nicomonzi/X_56/workflows/maneuver_bff/sweep_pullup_v3/inputs/causal/V_66p250_n_1p300/V_66p250_n_1p300__pullup_sas_continuous.mbd,/mnt/c/Users/Utente/Desktop/BFF_PULLUP_V2/pullup_bff_sweep_v3/causal/V_66p250_n_1p300/cases/V_66p250_n_1p300__pullup_sas_continuous
V_66p250_n_1p300__sham_sas_continuous,causal/V_66p250_n_1p300,66.25,1.3,0.01,False,/home/nicomonzi/X_56/workflows/maneuver_bff/sweep_pullup_v3/inputs/causal/V_66p250_n_1p300/V_66p250_n_1p300__sham_sas_continuous.mbd,/mnt/c/Users/Utente/Desktop/BFF_PULLUP_V2/pullup_bff_sweep_v3/causal/V_66p250_n_1p300/cases/V_66p250_n_1p300__sham_sas_continuous
V_66p250_n_1p600__sham_release,causal/V_66p250_n_1p600,66.25,1.6,0.01,False,/home/nicomonzi/X_56/workflows/maneuver_bff/sweep_pullup_v3/inputs/causal/V_66p250_n_1p600/V_66p250_n_1p600__sham_release.mbd,/mnt/c/Users/Utente/Desktop/BFF_PULLUP_V2/pullup_bff_sweep_v3/causal/V_66p250_n_1p600/cases/V_66p250_n_1p600__sham_release
V_66p250_n_1p600__pullup_sas_continuous,causal/V_66p250_n_1p600,66.25,1.6,0.01,False,/home/nicomonzi/X_56/workflows/maneuver_bff/sweep_pullup_v3/inputs/causal/V_66p250_n_1p600/V_66p250_n_1p600__pullup_sas_continuous.mbd,/mnt/c/Users/Utente/Desktop/BFF_PULLUP_V2/pullup_bff_sweep_v3/causal/V_66p250_n_1p600/cases/V_66p250_n_1p600__pullup_sas_continuous
V_66p250_n_1p600__sham_sas_continuous,causal/V_66p250_n_1p600,66.25,1.6,0.01,False,/home/nicomonzi/X_56/workflows/maneuver_bff/sweep_pullup_v3/inputs/causal/V_66p250_n_1p600/V_66p250_n_1p600__sham_sas_continuous.mbd,/mnt/c/Users/Utente/Desktop/BFF_PULLUP_V2/pullup_bff_sweep_v3/causal/V_66p250_n_1p600/cases/V_66p250_n_1p600__sham_sas_continuous
V_66p750_n_1p300__sham_release,causal/V_66p750_n_1p300,66.75,1.3,0.01,False,/home/nicomonzi/X_56/workflows/maneuver_bff/sweep_pullup_v3/inputs/causal/V_66p750_n_1p300/V_66p750_n_1p300__sham_release.mbd,/mnt/c/Users/Utente/Desktop/BFF_PULLUP_V2/pullup_bff_sweep_v3/causal/V_66p750_n_1p300/cases/V_66p750_n_1p300__sham_release
V_66p750_n_1p300__pullup_sas_continuous,causal/V_66p750_n_1p300,66.75,1.3,0.01,False,/home/nicomonzi/X_56/workflows/maneuver_bff/sweep_pullup_v3/inputs/causal/V_66p750_n_1p300/V_66p750_n_1p300__pullup_sas_continuous.mbd,/mnt/c/Users/Utente/Desktop/BFF_PULLUP_V2/pullup_bff_sweep_v3/causal/V_66p750_n_1p300/cases/V_66p750_n_1p300__pullup_sas_continuous
V_66p750_n_1p300__sham_sas_continuous,causal/V_66p750_n_1p300,66.75,1.3,0.01,False,/home/nicomonzi/X_56/workflows/maneuver_bff/sweep_pullup_v3/inputs/causal/V_66p750_n_1p300/V_66p750_n_1p300__sham_sas_continuous.mbd,/mnt/c/Users/Utente/Desktop/BFF_PULLUP_V2/pullup_bff_sweep_v3/causal/V_66p750_n_1p300/cases/V_66p750_n_1p300__sham_sas_continuous
V_66p750_n_1p600__sham_release,causal/V_66p750_n_1p600,66.75,1.6,0.01,False,/home/nicomonzi/X_56/workflows/maneuver_bff/sweep_pullup_v3/inputs/causal/V_66p750_n_1p600/V_66p750_n_1p600__sham_release.mbd,/mnt/c/Users/Utente/Desktop/BFF_PULLUP_V2/pullup_bff_sweep_v3/causal/V_66p750_n_1p600/cases/V_66p750_n_1p600__sham_release
V_66p750_n_1p600__pullup_sas_continuous,causal/V_66p750_n_1p600,66.75,1.6,0.01,False,/home/nicomonzi/X_56/workflows/maneuver_bff/sweep_pullup_v3/inputs/causal/V_66p750_n_1p600/V_66p750_n_1p600__pullup_sas_continuous.mbd,/mnt/c/Users/Utente/Desktop/BFF_PULLUP_V2/pullup_bff_sweep_v3/causal/V_66p750_n_1p600/cases/V_66p750_n_1p600__pullup_sas_continuous
V_66p750_n_1p600__sham_sas_continuous,causal/V_66p750_n_1p600,66.75,1.6,0.01,False,/home/nicomonzi/X_56/workflows/maneuver_bff/sweep_pullup_v3/inputs/causal/V_66p750_n_1p600/V_66p750_n_1p600__sham_sas_continuous.mbd,/mnt/c/Users/Utente/Desktop/BFF_PULLUP_V2/pullup_bff_sweep_v3/causal/V_66p750_n_1p600/cases/V_66p750_n_1p600__sham_sas_continuous
V_67p250_n_1p300__sham_release,causal/V_67p250_n_1p300,67.25,1.3,0.01,False,/home/nicomonzi/X_56/workflows/maneuver_bff/sweep_pullup_v3/inputs/causal/V_67p250_n_1p300/V_67p250_n_1p300__sham_release.mbd,/mnt/c/Users/Utente/Desktop/BFF_PULLUP_V2/pullup_bff_sweep_v3/causal/V_67p250_n_1p300/cases/V_67p250_n_1p300__sham_release
V_67p250_n_1p300__pullup_sas_continuous,causal/V_67p250_n_1p300,67.25,1.3,0.01,False,/home/nicomonzi/X_56/workflows/maneuver_bff/sweep_pullup_v3/inputs/causal/V_67p250_n_1p300/V_67p250_n_1p300__pullup_sas_continuous.mbd,/mnt/c/Users/Utente/Desktop/BFF_PULLUP_V2/pullup_bff_sweep_v3/causal/V_67p250_n_1p300/cases/V_67p250_n_1p300__pullup_sas_continuous
V_67p250_n_1p300__sham_sas_continuous,causal/V_67p250_n_1p300,67.25,1.3,0.01,False,/home/nicomonzi/X_56/workflows/maneuver_bff/sweep_pullup_v3/inputs/causal/V_67p250_n_1p300/V_67p250_n_1p300__sham_sas_continuous.mbd,/mnt/c/Users/Utente/Desktop/BFF_PULLUP_V2/pullup_bff_sweep_v3/causal/V_67p250_n_1p300/cases/V_67p250_n_1p300__sham_sas_continuous
V_67p250_n_1p600__sham_release,causal/V_67p250_n_1p600,67.25,1.6,0.01,False,/home/nicomonzi/X_56/workflows/maneuver_bff/sweep_pullup_v3/inputs/causal/V_67p250_n_1p600/V_67p250_n_1p600__sham_release.mbd,/mnt/c/Users/Utente/Desktop/BFF_PULLUP_V2/pullup_bff_sweep_v3/causal/V_67p250_n_1p600/cases/V_67p250_n_1p600__sham_release
V_67p250_n_1p600__pullup_sas_continuous,causal/V_67p250_n_1p600,67.25,1.6,0.01,False,/home/nicomonzi/X_56/workflows/maneuver_bff/sweep_pullup_v3/inputs/causal/V_67p250_n_1p600/V_67p250_n_1p600__pullup_sas_continuous.mbd,/mnt/c/Users/Utente/Desktop/BFF_PULLUP_V2/pullup_bff_sweep_v3/causal/V_67p250_n_1p600/cases/V_67p250_n_1p600__pullup_sas_continuous
V_67p250_n_1p600__sham_sas_continuous,causal/V_67p250_n_1p600,67.25,1.6,0.01,False,/home/nicomonzi/X_56/workflows/maneuver_bff/sweep_pullup_v3/inputs/causal/V_67p250_n_1p600/V_67p250_n_1p600__sham_sas_continuous.mbd,/mnt/c/Users/Utente/Desktop/BFF_PULLUP_V2/pullup_bff_sweep_v3/causal/V_67p250_n_1p600/cases/V_67p250_n_1p600__sham_sas_continuous
V_65p000_n_1p000_dt_0p0100_shadow,paired_extension,65.0,1.0,0.01,False,/home/nicomonzi/X_56/workflows/maneuver_bff/sweep_pullup_v3/inputs/paired_extension/V_65p000_n_1p000_dt_0p0100_shadow.mbd,/mnt/c/Users/Utente/Desktop/BFF_PULLUP_V2/pullup_bff_sweep_v3/paired_extension/cases/V_65p000_n_1p000_dt_0p0100_shadow
V_65p000_n_1p000_dt_0p0100_excited,paired_extension,65.0,1.0,0.01,True,/home/nicomonzi/X_56/workflows/maneuver_bff/sweep_pullup_v3/inputs/paired_extension/V_65p000_n_1p000_dt_0p0100_excited.mbd,/mnt/c/Users/Utente/Desktop/BFF_PULLUP_V2/pullup_bff_sweep_v3/paired_extension/cases/V_65p000_n_1p000_dt_0p0100_excited
V_65p000_n_1p600_dt_0p0100_shadow,paired_extension,65.0,1.6,0.01,False,/home/nicomonzi/X_56/workflows/maneuver_bff/sweep_pullup_v3/inputs/paired_extension/V_65p000_n_1p600_dt_0p0100_shadow.mbd,/mnt/c/Users/Utente/Desktop/BFF_PULLUP_V2/pullup_bff_sweep_v3/paired_extension/cases/V_65p000_n_1p600_dt_0p0100_shadow
V_65p000_n_1p600_dt_0p0100_excited,paired_extension,65.0,1.6,0.01,True,/home/nicomonzi/X_56/workflows/maneuver_bff/sweep_pullup_v3/inputs/paired_extension/V_65p000_n_1p600_dt_0p0100_excited.mbd,/mnt/c/Users/Utente/Desktop/BFF_PULLUP_V2/pullup_bff_sweep_v3/paired_extension/cases/V_65p000_n_1p600_dt_0p0100_excited
V_65p750_n_1p000_dt_0p0100_shadow,paired_extension,65.75,1.0,0.01,False,/home/nicomonzi/X_56/workflows/maneuver_bff/sweep_pullup_v3/inputs/paired_extension/V_65p750_n_1p000_dt_0p0100_shadow.mbd,/mnt/c/Users/Utente/Desktop/BFF_PULLUP_V2/pullup_bff_sweep_v3/paired_extension/cases/V_65p750_n_1p000_dt_0p0100_shadow
V_65p750_n_1p000_dt_0p0100_excited,paired_extension,65.75,1.0,0.01,True,/home/nicomonzi/X_56/workflows/maneuver_bff/sweep_pullup_v3/inputs/paired_extension/V_65p750_n_1p000_dt_0p0100_excited.mbd,/mnt/c/Users/Utente/Desktop/BFF_PULLUP_V2/pullup_bff_sweep_v3/paired_extension/cases/V_65p750_n_1p000_dt_0p0100_excited
V_65p750_n_1p600_dt_0p0100_shadow,paired_extension,65.75,1.6,0.01,False,/home/nicomonzi/X_56/workflows/maneuver_bff/sweep_pullup_v3/inputs/paired_extension/V_65p750_n_1p600_dt_0p0100_shadow.mbd,/mnt/c/Users/Utente/Desktop/BFF_PULLUP_V2/pullup_bff_sweep_v3/paired_extension/cases/V_65p750_n_1p600_dt_0p0100_shadow
V_65p750_n_1p600_dt_0p0100_excited,paired_extension,65.75,1.6,0.01,True,/home/nicomonzi/X_56/workflows/maneuver_bff/sweep_pullup_v3/inputs/paired_extension/V_65p750_n_1p600_dt_0p0100_excited.mbd,/mnt/c/Users/Utente/Desktop/BFF_PULLUP_V2/pullup_bff_sweep_v3/paired_extension/cases/V_65p750_n_1p600_dt_0p0100_excited
V_66p750_n_1p000_dt_0p0050_shadow,timestep_extension,66.75,1.0,0.005,False,/home/nicomonzi/X_56/workflows/maneuver_bff/sweep_pullup_v3/inputs/timestep_extension/V_66p750_n_1p000_dt_0p0050_shadow.mbd,/mnt/c/Users/Utente/Desktop/BFF_PULLUP_V2/pullup_bff_sweep_v3/timestep_extension/cases/V_66p750_n_1p000_dt_0p0050_shadow
V_66p750_n_1p000_dt_0p0050_excited,timestep_extension,66.75,1.0,0.005,True,/home/nicomonzi/X_56/workflows/maneuver_bff/sweep_pullup_v3/inputs/timestep_extension/V_66p750_n_1p000_dt_0p0050_excited.mbd,/mnt/c/Users/Utente/Desktop/BFF_PULLUP_V2/pullup_bff_sweep_v3/timestep_extension/cases/V_66p750_n_1p000_dt_0p0050_excited
